Suite/Test/Step Name,Browser,Description,Tag,Start time,End time,Duration,Status
TS_TNR_R.TSPT_Suppo90,Chrome 119.0.0.0,,,2023-12-01 15:31:47,2023-12-01 20:10:29,"4h - 38m - 42,613s",FAILED
,,,,,,,
Test Cases/Cas D Utilisations/Usager Etudiant/TNR R.TSPT Supp90-Etudiant,Chrome 119.0.0.0,,,2023-12-01 15:31:47,2023-12-01 15:40:13,"8m - 25,898s",PASSED
com.kazurayam.ksbackyard.HighlightElement.pandemic(),Chrome 119.0.0.0,,,2023-12-01 15:31:49,2023-12-01 15:31:49,"0,505s",PASSED
"callTestCase(findTestCase(""Test Reutilisable/Main/Lancer URL ANEF""), [""Profiles"":""Usager"", ""EnvExec"":EnvExec], STOP_ON_FAILURE)",Chrome 119.0.0.0,Appel Brique Réutilisable pour lancer URl ANEF pour Usager ou Agent,,2023-12-01 15:31:49,2023-12-01 15:32:23,"33,143s",PASSED
"callTestCase(findTestCase(""Test Reutilisable/Main/Creer Votre Compte""), [""NumEtrangerVisa"":NumEtrangerVisa, ""DateDebut"":DateDebut, ""DateFin"":DateFin, ""EnvExec"":EnvExec], STOP_ON_FAILURE)",Chrome 119.0.0.0,Appel Brique Réutilisable pour Créer un Compte Usager,,2023-12-01 15:32:23,2023-12-01 15:35:18,"2m - 55,391s",PASSED
if (StopTestCase == false),Chrome 119.0.0.0,,,2023-12-01 15:35:18,2023-12-01 15:40:10,"4m - 51,881s",PASSED
Video,Chrome 119.0.0.0,,,2023-12-01 15:40:13,2023-12-01 15:40:13,"0,000s",PASSED
,,,,,,,
Test Cases/Cas D Utilisations/Usager Etudiant/TNR R.TSPT Supp90-Etudiant,Chrome 119.0.0.0,,,2023-12-01 15:40:13,2023-12-01 15:47:36,"7m - 22,257s",PASSED
com.kazurayam.ksbackyard.HighlightElement.pandemic(),Chrome 119.0.0.0,,,2023-12-01 15:40:13,2023-12-01 15:40:13,"0,007s",PASSED
"callTestCase(findTestCase(""Test Reutilisable/Main/Lancer URL ANEF""), [""Profiles"":""Usager"", ""EnvExec"":EnvExec], STOP_ON_FAILURE)",Chrome 119.0.0.0,Appel Brique Réutilisable pour lancer URl ANEF pour Usager ou Agent,,2023-12-01 15:40:13,2023-12-01 15:40:36,"22,926s",PASSED
"callTestCase(findTestCase(""Test Reutilisable/Main/Creer Votre Compte""), [""NumEtrangerVisa"":NumEtrangerVisa, ""DateDebut"":DateDebut, ""DateFin"":DateFin, ""EnvExec"":EnvExec], STOP_ON_FAILURE)",Chrome 119.0.0.0,Appel Brique Réutilisable pour Créer un Compte Usager,,2023-12-01 15:40:36,2023-12-01 15:43:25,"2m - 48,206s",PASSED
if (StopTestCase == false),Chrome 119.0.0.0,,,2023-12-01 15:43:25,2023-12-01 15:47:32,"4m - 7,805s",PASSED
Video,Chrome 119.0.0.0,,,2023-12-01 15:47:36,2023-12-01 15:47:36,"0,000s",PASSED
,,,,,,,
Test Cases/Cas D Utilisations/Usager Etudiant/TNR R.TSPT Supp90-Etudiant,Chrome 119.0.0.0,,,2023-12-01 15:47:36,2023-12-01 15:56:25,"8m - 49,658s",PASSED
com.kazurayam.ksbackyard.HighlightElement.pandemic(),Chrome 119.0.0.0,,,2023-12-01 15:47:36,2023-12-01 15:47:36,"0,006s",PASSED
"callTestCase(findTestCase(""Test Reutilisable/Main/Lancer URL ANEF""), [""Profiles"":""Usager"", ""EnvExec"":EnvExec], STOP_ON_FAILURE)",Chrome 119.0.0.0,Appel Brique Réutilisable pour lancer URl ANEF pour Usager ou Agent,,2023-12-01 15:47:36,2023-12-01 15:47:58,"22,407s",PASSED
"callTestCase(findTestCase(""Test Reutilisable/Main/Creer Votre Compte""), [""NumEtrangerVisa"":NumEtrangerVisa, ""DateDebut"":DateDebut, ""DateFin"":DateFin, ""EnvExec"":EnvExec], STOP_ON_FAILURE)",Chrome 119.0.0.0,Appel Brique Réutilisable pour Créer un Compte Usager,,2023-12-01 15:47:58,2023-12-01 15:50:46,"2m - 47,324s",PASSED
if (StopTestCase == false),Chrome 119.0.0.0,,,2023-12-01 15:50:46,2023-12-01 15:56:22,"5m - 36,893s",PASSED
Video,Chrome 119.0.0.0,,,2023-12-01 15:56:25,2023-12-01 15:56:25,"0,000s",PASSED
,,,,,,,
Test Cases/Cas D Utilisations/Usager Etudiant/TNR R.TSPT Supp90-Etudiant,Chrome 119.0.0.0,,,2023-12-01 15:56:26,2023-12-01 16:04:12,"7m - 46,337s",PASSED
com.kazurayam.ksbackyard.HighlightElement.pandemic(),Chrome 119.0.0.0,,,2023-12-01 15:56:26,2023-12-01 15:56:26,"0,006s",PASSED
"callTestCase(findTestCase(""Test Reutilisable/Main/Lancer URL ANEF""), [""Profiles"":""Usager"", ""EnvExec"":EnvExec], STOP_ON_FAILURE)",Chrome 119.0.0.0,Appel Brique Réutilisable pour lancer URl ANEF pour Usager ou Agent,,2023-12-01 15:56:26,2023-12-01 15:56:48,"22,657s",PASSED
"callTestCase(findTestCase(""Test Reutilisable/Main/Creer Votre Compte""), [""NumEtrangerVisa"":NumEtrangerVisa, ""DateDebut"":DateDebut, ""DateFin"":DateFin, ""EnvExec"":EnvExec], STOP_ON_FAILURE)",Chrome 119.0.0.0,Appel Brique Réutilisable pour Créer un Compte Usager,,2023-12-01 15:56:48,2023-12-01 15:59:36,"2m - 47,429s",PASSED
if (StopTestCase == false),Chrome 119.0.0.0,,,2023-12-01 15:59:36,2023-12-01 16:04:09,"4m - 33,218s",PASSED
Video,Chrome 119.0.0.0,,,2023-12-01 16:04:12,2023-12-01 16:04:12,"0,000s",PASSED
,,,,,,,
Test Cases/Cas D Utilisations/Usager Etudiant/TNR R.TSPT Supp90-Etudiant,Chrome 119.0.0.0,,,2023-12-01 16:04:12,2023-12-01 16:12:56,"8m - 44,260s",PASSED
com.kazurayam.ksbackyard.HighlightElement.pandemic(),Chrome 119.0.0.0,,,2023-12-01 16:04:12,2023-12-01 16:04:12,"0,006s",PASSED
"callTestCase(findTestCase(""Test Reutilisable/Main/Lancer URL ANEF""), [""Profiles"":""Usager"", ""EnvExec"":EnvExec], STOP_ON_FAILURE)",Chrome 119.0.0.0,Appel Brique Réutilisable pour lancer URl ANEF pour Usager ou Agent,,2023-12-01 16:04:12,2023-12-01 16:04:35,"22,417s",PASSED
"callTestCase(findTestCase(""Test Reutilisable/Main/Creer Votre Compte""), [""NumEtrangerVisa"":NumEtrangerVisa, ""DateDebut"":DateDebut, ""DateFin"":DateFin, ""EnvExec"":EnvExec], STOP_ON_FAILURE)",Chrome 119.0.0.0,Appel Brique Réutilisable pour Créer un Compte Usager,,2023-12-01 16:04:35,2023-12-01 16:07:22,"2m - 47,313s",PASSED
if (StopTestCase == false),Chrome 119.0.0.0,,,2023-12-01 16:07:22,2023-12-01 16:12:53,"5m - 31,469s",PASSED
Video,Chrome 119.0.0.0,,,2023-12-01 16:12:56,2023-12-01 16:12:56,"0,000s",PASSED
,,,,,,,
Test Cases/Cas D Utilisations/Usager Etudiant/TNR R.TSPT Supp90-Etudiant,Chrome 119.0.0.0,,,2023-12-01 16:12:57,2023-12-01 16:20:46,"7m - 49,307s",PASSED
com.kazurayam.ksbackyard.HighlightElement.pandemic(),Chrome 119.0.0.0,,,2023-12-01 16:12:57,2023-12-01 16:12:57,"0,006s",PASSED
"callTestCase(findTestCase(""Test Reutilisable/Main/Lancer URL ANEF""), [""Profiles"":""Usager"", ""EnvExec"":EnvExec], STOP_ON_FAILURE)",Chrome 119.0.0.0,Appel Brique Réutilisable pour lancer URl ANEF pour Usager ou Agent,,2023-12-01 16:12:57,2023-12-01 16:13:19,"22,242s",PASSED
"callTestCase(findTestCase(""Test Reutilisable/Main/Creer Votre Compte""), [""NumEtrangerVisa"":NumEtrangerVisa, ""DateDebut"":DateDebut, ""DateFin"":DateFin, ""EnvExec"":EnvExec], STOP_ON_FAILURE)",Chrome 119.0.0.0,Appel Brique Réutilisable pour Créer un Compte Usager,,2023-12-01 16:13:19,2023-12-01 16:16:07,"2m - 48,292s",PASSED
if (StopTestCase == false),Chrome 119.0.0.0,,,2023-12-01 16:16:07,2023-12-01 16:20:43,"4m - 35,896s",PASSED
Video,Chrome 119.0.0.0,,,2023-12-01 16:20:46,2023-12-01 16:20:46,"0,001s",PASSED
,,,,,,,
Test Cases/Cas D Utilisations/Usager Etudiant/TNR R.TSPT Supp90-Etudiant,Chrome 119.0.0.0,,,2023-12-01 16:20:46,2023-12-01 16:28:57,"8m - 10,499s",PASSED
com.kazurayam.ksbackyard.HighlightElement.pandemic(),Chrome 119.0.0.0,,,2023-12-01 16:20:46,2023-12-01 16:20:46,"0,007s",PASSED
"callTestCase(findTestCase(""Test Reutilisable/Main/Lancer URL ANEF""), [""Profiles"":""Usager"", ""EnvExec"":EnvExec], STOP_ON_FAILURE)",Chrome 119.0.0.0,Appel Brique Réutilisable pour lancer URl ANEF pour Usager ou Agent,,2023-12-01 16:20:46,2023-12-01 16:21:08,"22,427s",PASSED
"callTestCase(findTestCase(""Test Reutilisable/Main/Creer Votre Compte""), [""NumEtrangerVisa"":NumEtrangerVisa, ""DateDebut"":DateDebut, ""DateFin"":DateFin, ""EnvExec"":EnvExec], STOP_ON_FAILURE)",Chrome 119.0.0.0,Appel Brique Réutilisable pour Créer un Compte Usager,,2023-12-01 16:21:08,2023-12-01 16:23:56,"2m - 47,332s",PASSED
if (StopTestCase == false),Chrome 119.0.0.0,,,2023-12-01 16:23:56,2023-12-01 16:28:54,"4m - 57,785s",PASSED
Video,Chrome 119.0.0.0,,,2023-12-01 16:28:57,2023-12-01 16:28:57,"0,001s",PASSED
,,,,,,,
Test Cases/Cas D Utilisations/Usager Etudiant/TNR R.TSPT Supp90-Etudiant,Chrome 119.0.0.0,,,2023-12-01 16:28:57,2023-12-01 16:37:26,"8m - 29,810s",PASSED
com.kazurayam.ksbackyard.HighlightElement.pandemic(),Chrome 119.0.0.0,,,2023-12-01 16:28:57,2023-12-01 16:28:57,"0,006s",PASSED
"callTestCase(findTestCase(""Test Reutilisable/Main/Lancer URL ANEF""), [""Profiles"":""Usager"", ""EnvExec"":EnvExec], STOP_ON_FAILURE)",Chrome 119.0.0.0,Appel Brique Réutilisable pour lancer URl ANEF pour Usager ou Agent,,2023-12-01 16:28:57,2023-12-01 16:29:19,"22,154s",PASSED
"callTestCase(findTestCase(""Test Reutilisable/Main/Creer Votre Compte""), [""NumEtrangerVisa"":NumEtrangerVisa, ""DateDebut"":DateDebut, ""DateFin"":DateFin, ""EnvExec"":EnvExec], STOP_ON_FAILURE)",Chrome 119.0.0.0,Appel Brique Réutilisable pour Créer un Compte Usager,,2023-12-01 16:29:19,2023-12-01 16:32:08,"2m - 48,931s",PASSED
if (StopTestCase == false),Chrome 119.0.0.0,,,2023-12-01 16:32:08,2023-12-01 16:37:23,"5m - 15,699s",PASSED
Video,Chrome 119.0.0.0,,,2023-12-01 16:37:26,2023-12-01 16:37:26,"0,000s",PASSED
,,,,,,,
Test Cases/Cas D Utilisations/Usager Etudiant/TNR R.TSPT Supp90-Etudiant,Chrome 119.0.0.0,,,2023-12-01 16:37:27,2023-12-01 16:44:59,"7m - 32,299s",PASSED
com.kazurayam.ksbackyard.HighlightElement.pandemic(),Chrome 119.0.0.0,,,2023-12-01 16:37:27,2023-12-01 16:37:27,"0,008s",PASSED
"callTestCase(findTestCase(""Test Reutilisable/Main/Lancer URL ANEF""), [""Profiles"":""Usager"", ""EnvExec"":EnvExec], STOP_ON_FAILURE)",Chrome 119.0.0.0,Appel Brique Réutilisable pour lancer URl ANEF pour Usager ou Agent,,2023-12-01 16:37:27,2023-12-01 16:37:49,"22,434s",PASSED
"callTestCase(findTestCase(""Test Reutilisable/Main/Creer Votre Compte""), [""NumEtrangerVisa"":NumEtrangerVisa, ""DateDebut"":DateDebut, ""DateFin"":DateFin, ""EnvExec"":EnvExec], STOP_ON_FAILURE)",Chrome 119.0.0.0,Appel Brique Réutilisable pour Créer un Compte Usager,,2023-12-01 16:37:49,2023-12-01 16:40:36,"2m - 47,350s",PASSED
if (StopTestCase == false),Chrome 119.0.0.0,,,2023-12-01 16:40:36,2023-12-01 16:44:56,"4m - 19,550s",PASSED
Video,Chrome 119.0.0.0,,,2023-12-01 16:44:59,2023-12-01 16:44:59,"0,001s",PASSED
,,,,,,,
Test Cases/Cas D Utilisations/Usager Etudiant/TNR R.TSPT Supp90-Etudiant,Chrome 119.0.0.0,,,2023-12-01 16:44:59,2023-12-01 16:52:50,"7m - 50,799s",PASSED
com.kazurayam.ksbackyard.HighlightElement.pandemic(),Chrome 119.0.0.0,,,2023-12-01 16:44:59,2023-12-01 16:44:59,"0,007s",PASSED
"callTestCase(findTestCase(""Test Reutilisable/Main/Lancer URL ANEF""), [""Profiles"":""Usager"", ""EnvExec"":EnvExec], STOP_ON_FAILURE)",Chrome 119.0.0.0,Appel Brique Réutilisable pour lancer URl ANEF pour Usager ou Agent,,2023-12-01 16:44:59,2023-12-01 16:45:21,"22,429s",PASSED
"callTestCase(findTestCase(""Test Reutilisable/Main/Creer Votre Compte""), [""NumEtrangerVisa"":NumEtrangerVisa, ""DateDebut"":DateDebut, ""DateFin"":DateFin, ""EnvExec"":EnvExec], STOP_ON_FAILURE)",Chrome 119.0.0.0,Appel Brique Réutilisable pour Créer un Compte Usager,,2023-12-01 16:45:21,2023-12-01 16:48:09,"2m - 47,721s",PASSED
if (StopTestCase == false),Chrome 119.0.0.0,,,2023-12-01 16:48:09,2023-12-01 16:52:47,"4m - 37,769s",PASSED
Video,Chrome 119.0.0.0,,,2023-12-01 16:52:50,2023-12-01 16:52:50,"0,000s",PASSED
,,,,,,,
Test Cases/Cas D Utilisations/Usager Etudiant/TNR R.TSPT Supp90-Etudiant,Chrome 119.0.0.0,,,2023-12-01 16:52:50,2023-12-01 17:01:10,"8m - 20,407s",PASSED
com.kazurayam.ksbackyard.HighlightElement.pandemic(),Chrome 119.0.0.0,,,2023-12-01 16:52:50,2023-12-01 16:52:50,"0,006s",PASSED
"callTestCase(findTestCase(""Test Reutilisable/Main/Lancer URL ANEF""), [""Profiles"":""Usager"", ""EnvExec"":EnvExec], STOP_ON_FAILURE)",Chrome 119.0.0.0,Appel Brique Réutilisable pour lancer URl ANEF pour Usager ou Agent,,2023-12-01 16:52:50,2023-12-01 16:53:12,"22,372s",PASSED
"callTestCase(findTestCase(""Test Reutilisable/Main/Creer Votre Compte""), [""NumEtrangerVisa"":NumEtrangerVisa, ""DateDebut"":DateDebut, ""DateFin"":DateFin, ""EnvExec"":EnvExec], STOP_ON_FAILURE)",Chrome 119.0.0.0,Appel Brique Réutilisable pour Créer un Compte Usager,,2023-12-01 16:53:12,2023-12-01 16:56:00,"2m - 47,245s",PASSED
if (StopTestCase == false),Chrome 119.0.0.0,,,2023-12-01 16:56:00,2023-12-01 17:01:07,"5m - 7,632s",PASSED
Video,Chrome 119.0.0.0,,,2023-12-01 17:01:10,2023-12-01 17:01:10,"0,000s",PASSED
,,,,,,,
Test Cases/Cas D Utilisations/Usager Etudiant/TNR R.TSPT Supp90-Etudiant,Chrome 119.0.0.0,,,2023-12-01 17:01:11,2023-12-01 17:08:55,"7m - 44,397s",PASSED
com.kazurayam.ksbackyard.HighlightElement.pandemic(),Chrome 119.0.0.0,,,2023-12-01 17:01:11,2023-12-01 17:01:11,"0,008s",PASSED
"callTestCase(findTestCase(""Test Reutilisable/Main/Lancer URL ANEF""), [""Profiles"":""Usager"", ""EnvExec"":EnvExec], STOP_ON_FAILURE)",Chrome 119.0.0.0,Appel Brique Réutilisable pour lancer URl ANEF pour Usager ou Agent,,2023-12-01 17:01:11,2023-12-01 17:01:34,"23,053s",PASSED
"callTestCase(findTestCase(""Test Reutilisable/Main/Creer Votre Compte""), [""NumEtrangerVisa"":NumEtrangerVisa, ""DateDebut"":DateDebut, ""DateFin"":DateFin, ""EnvExec"":EnvExec], STOP_ON_FAILURE)",Chrome 119.0.0.0,Appel Brique Réutilisable pour Créer un Compte Usager,,2023-12-01 17:01:34,2023-12-01 17:04:25,"2m - 51,504s",PASSED
if (StopTestCase == false),Chrome 119.0.0.0,,,2023-12-01 17:04:25,2023-12-01 17:08:52,"4m - 26,966s",PASSED
Video,Chrome 119.0.0.0,,,2023-12-01 17:08:55,2023-12-01 17:08:55,"0,001s",PASSED
,,,,,,,
Test Cases/Cas D Utilisations/Usager Etudiant/TNR R.TSPT Supp90-Etudiant,Chrome 119.0.0.0,,,2023-12-01 17:08:55,2023-12-01 17:16:59,"8m - 3,766s",PASSED
com.kazurayam.ksbackyard.HighlightElement.pandemic(),Chrome 119.0.0.0,,,2023-12-01 17:08:55,2023-12-01 17:08:55,"0,008s",PASSED
"callTestCase(findTestCase(""Test Reutilisable/Main/Lancer URL ANEF""), [""Profiles"":""Usager"", ""EnvExec"":EnvExec], STOP_ON_FAILURE)",Chrome 119.0.0.0,Appel Brique Réutilisable pour lancer URl ANEF pour Usager ou Agent,,2023-12-01 17:08:55,2023-12-01 17:09:17,"22,085s",PASSED
"callTestCase(findTestCase(""Test Reutilisable/Main/Creer Votre Compte""), [""NumEtrangerVisa"":NumEtrangerVisa, ""DateDebut"":DateDebut, ""DateFin"":DateFin, ""EnvExec"":EnvExec], STOP_ON_FAILURE)",Chrome 119.0.0.0,Appel Brique Réutilisable pour Créer un Compte Usager,,2023-12-01 17:09:17,2023-12-01 17:12:05,"2m - 47,391s",PASSED
if (StopTestCase == false),Chrome 119.0.0.0,,,2023-12-01 17:12:05,2023-12-01 17:16:56,"4m - 51,416s",PASSED
Video,Chrome 119.0.0.0,,,2023-12-01 17:16:59,2023-12-01 17:16:59,"0,000s",PASSED
,,,,,,,
Test Cases/Cas D Utilisations/Usager Etudiant/TNR R.TSPT Supp90-Etudiant,Chrome 119.0.0.0,,,2023-12-01 17:16:59,2023-12-01 17:25:08,"8m - 8,588s",PASSED
com.kazurayam.ksbackyard.HighlightElement.pandemic(),Chrome 119.0.0.0,,,2023-12-01 17:16:59,2023-12-01 17:16:59,"0,005s",PASSED
"callTestCase(findTestCase(""Test Reutilisable/Main/Lancer URL ANEF""), [""Profiles"":""Usager"", ""EnvExec"":EnvExec], STOP_ON_FAILURE)",Chrome 119.0.0.0,Appel Brique Réutilisable pour lancer URl ANEF pour Usager ou Agent,,2023-12-01 17:16:59,2023-12-01 17:17:21,"22,090s",PASSED
"callTestCase(findTestCase(""Test Reutilisable/Main/Creer Votre Compte""), [""NumEtrangerVisa"":NumEtrangerVisa, ""DateDebut"":DateDebut, ""DateFin"":DateFin, ""EnvExec"":EnvExec], STOP_ON_FAILURE)",Chrome 119.0.0.0,Appel Brique Réutilisable pour Créer un Compte Usager,,2023-12-01 17:17:21,2023-12-01 17:20:09,"2m - 47,497s",PASSED
if (StopTestCase == false),Chrome 119.0.0.0,,,2023-12-01 17:20:09,2023-12-01 17:25:05,"4m - 56,065s",PASSED
Video,Chrome 119.0.0.0,,,2023-12-01 17:25:08,2023-12-01 17:25:08,"0,001s",PASSED
,,,,,,,
Test Cases/Cas D Utilisations/Usager Etudiant/TNR R.TSPT Supp90-Etudiant,Chrome 119.0.0.0,,,2023-12-01 17:25:08,2023-12-01 17:29:36,"4m - 28,374s",FAILED
com.kazurayam.ksbackyard.HighlightElement.pandemic(),Chrome 119.0.0.0,,,2023-12-01 17:25:08,2023-12-01 17:25:08,"0,005s",PASSED
"callTestCase(findTestCase(""Test Reutilisable/Main/Lancer URL ANEF""), [""Profiles"":""Usager"", ""EnvExec"":EnvExec], STOP_ON_FAILURE)",Chrome 119.0.0.0,Appel Brique Réutilisable pour lancer URl ANEF pour Usager ou Agent,,2023-12-01 17:25:08,2023-12-01 17:25:30,"22,474s",PASSED
"callTestCase(findTestCase(""Test Reutilisable/Main/Creer Votre Compte""), [""NumEtrangerVisa"":NumEtrangerVisa, ""DateDebut"":DateDebut, ""DateFin"":DateFin, ""EnvExec"":EnvExec], STOP_ON_FAILURE)",Chrome 119.0.0.0,Appel Brique Réutilisable pour Créer un Compte Usager,,2023-12-01 17:25:30,2023-12-01 17:28:18,"2m - 47,365s",PASSED
if (StopTestCase == false),Chrome 119.0.0.0,,,2023-12-01 17:28:18,2023-12-01 17:29:32,"1m - 14,425s",FAILED
Video,Chrome 119.0.0.0,,,2023-12-01 17:29:36,2023-12-01 17:29:36,"0,000s",PASSED
,,,,,,,
Test Cases/Cas D Utilisations/Usager Etudiant/TNR R.TSPT Supp90-Etudiant,Chrome 119.0.0.0,,,2023-12-01 17:29:36,2023-12-01 17:30:48,"1m - 11,620s",PASSED
com.kazurayam.ksbackyard.HighlightElement.pandemic(),Chrome 119.0.0.0,,,2023-12-01 17:29:36,2023-12-01 17:29:36,"0,006s",PASSED
"callTestCase(findTestCase(""Test Reutilisable/Main/Lancer URL ANEF""), [""Profiles"":""Usager"", ""EnvExec"":EnvExec], STOP_ON_FAILURE)",Chrome 119.0.0.0,Appel Brique Réutilisable pour lancer URl ANEF pour Usager ou Agent,,2023-12-01 17:29:36,2023-12-01 17:29:58,"22,066s",PASSED
"callTestCase(findTestCase(""Test Reutilisable/Main/Creer Votre Compte""), [""NumEtrangerVisa"":NumEtrangerVisa, ""DateDebut"":DateDebut, ""DateFin"":DateFin, ""EnvExec"":EnvExec], STOP_ON_FAILURE)",Chrome 119.0.0.0,Appel Brique Réutilisable pour Créer un Compte Usager,,2023-12-01 17:29:58,2023-12-01 17:30:46,"47,375s",PASSED
if (StopTestCase == false),Chrome 119.0.0.0,,,2023-12-01 17:30:46,2023-12-01 17:30:46,"0,000s",PASSED
Video,Chrome 119.0.0.0,,,2023-12-01 17:30:48,2023-12-01 17:30:48,"0,001s",PASSED
,,,,,,,
Test Cases/Cas D Utilisations/Usager Etudiant/TNR R.TSPT Supp90-Etudiant,Chrome 119.0.0.0,,,2023-12-01 17:30:48,2023-12-01 17:32:00,"1m - 11,827s",PASSED
com.kazurayam.ksbackyard.HighlightElement.pandemic(),Chrome 119.0.0.0,,,2023-12-01 17:30:48,2023-12-01 17:30:48,"0,007s",PASSED
"callTestCase(findTestCase(""Test Reutilisable/Main/Lancer URL ANEF""), [""Profiles"":""Usager"", ""EnvExec"":EnvExec], STOP_ON_FAILURE)",Chrome 119.0.0.0,Appel Brique Réutilisable pour lancer URl ANEF pour Usager ou Agent,,2023-12-01 17:30:48,2023-12-01 17:31:10,"21,966s",PASSED
"callTestCase(findTestCase(""Test Reutilisable/Main/Creer Votre Compte""), [""NumEtrangerVisa"":NumEtrangerVisa, ""DateDebut"":DateDebut, ""DateFin"":DateFin, ""EnvExec"":EnvExec], STOP_ON_FAILURE)",Chrome 119.0.0.0,Appel Brique Réutilisable pour Créer un Compte Usager,,2023-12-01 17:31:10,2023-12-01 17:31:58,"47,662s",PASSED
if (StopTestCase == false),Chrome 119.0.0.0,,,2023-12-01 17:31:58,2023-12-01 17:31:58,"0,001s",PASSED
Video,Chrome 119.0.0.0,,,2023-12-01 17:32:00,2023-12-01 17:32:00,"0,000s",PASSED
,,,,,,,
Test Cases/Cas D Utilisations/Usager Etudiant/TNR R.TSPT Supp90-Etudiant,Chrome 119.0.0.0,,,2023-12-01 17:32:00,2023-12-01 17:33:11,"1m - 11,360s",PASSED
com.kazurayam.ksbackyard.HighlightElement.pandemic(),Chrome 119.0.0.0,,,2023-12-01 17:32:00,2023-12-01 17:32:00,"0,004s",PASSED
"callTestCase(findTestCase(""Test Reutilisable/Main/Lancer URL ANEF""), [""Profiles"":""Usager"", ""EnvExec"":EnvExec], STOP_ON_FAILURE)",Chrome 119.0.0.0,Appel Brique Réutilisable pour lancer URl ANEF pour Usager ou Agent,,2023-12-01 17:32:00,2023-12-01 17:32:22,"21,903s",PASSED
"callTestCase(findTestCase(""Test Reutilisable/Main/Creer Votre Compte""), [""NumEtrangerVisa"":NumEtrangerVisa, ""DateDebut"":DateDebut, ""DateFin"":DateFin, ""EnvExec"":EnvExec], STOP_ON_FAILURE)",Chrome 119.0.0.0,Appel Brique Réutilisable pour Créer un Compte Usager,,2023-12-01 17:32:22,2023-12-01 17:33:09,"47,268s",PASSED
if (StopTestCase == false),Chrome 119.0.0.0,,,2023-12-01 17:33:09,2023-12-01 17:33:09,"0,000s",PASSED
Video,Chrome 119.0.0.0,,,2023-12-01 17:33:11,2023-12-01 17:33:11,"0,001s",PASSED
,,,,,,,
Test Cases/Cas D Utilisations/Usager Etudiant/TNR R.TSPT Supp90-Etudiant,Chrome 119.0.0.0,,,2023-12-01 17:33:11,2023-12-01 17:34:23,"1m - 11,728s",PASSED
com.kazurayam.ksbackyard.HighlightElement.pandemic(),Chrome 119.0.0.0,,,2023-12-01 17:33:11,2023-12-01 17:33:11,"0,007s",PASSED
"callTestCase(findTestCase(""Test Reutilisable/Main/Lancer URL ANEF""), [""Profiles"":""Usager"", ""EnvExec"":EnvExec], STOP_ON_FAILURE)",Chrome 119.0.0.0,Appel Brique Réutilisable pour lancer URl ANEF pour Usager ou Agent,,2023-12-01 17:33:11,2023-12-01 17:33:34,"22,112s",PASSED
"callTestCase(findTestCase(""Test Reutilisable/Main/Creer Votre Compte""), [""NumEtrangerVisa"":NumEtrangerVisa, ""DateDebut"":DateDebut, ""DateFin"":DateFin, ""EnvExec"":EnvExec], STOP_ON_FAILURE)",Chrome 119.0.0.0,Appel Brique Réutilisable pour Créer un Compte Usager,,2023-12-01 17:33:34,2023-12-01 17:34:21,"47,440s",PASSED
if (StopTestCase == false),Chrome 119.0.0.0,,,2023-12-01 17:34:21,2023-12-01 17:34:21,"0,000s",PASSED
Video,Chrome 119.0.0.0,,,2023-12-01 17:34:23,2023-12-01 17:34:23,"0,001s",PASSED
,,,,,,,
Test Cases/Cas D Utilisations/Usager Etudiant/TNR R.TSPT Supp90-Etudiant,Chrome 119.0.0.0,,,2023-12-01 17:34:23,2023-12-01 17:35:35,"1m - 11,496s",PASSED
com.kazurayam.ksbackyard.HighlightElement.pandemic(),Chrome 119.0.0.0,,,2023-12-01 17:34:23,2023-12-01 17:34:23,"0,006s",PASSED
"callTestCase(findTestCase(""Test Reutilisable/Main/Lancer URL ANEF""), [""Profiles"":""Usager"", ""EnvExec"":EnvExec], STOP_ON_FAILURE)",Chrome 119.0.0.0,Appel Brique Réutilisable pour lancer URl ANEF pour Usager ou Agent,,2023-12-01 17:34:23,2023-12-01 17:34:45,"22,058s",PASSED
"callTestCase(findTestCase(""Test Reutilisable/Main/Creer Votre Compte""), [""NumEtrangerVisa"":NumEtrangerVisa, ""DateDebut"":DateDebut, ""DateFin"":DateFin, ""EnvExec"":EnvExec], STOP_ON_FAILURE)",Chrome 119.0.0.0,Appel Brique Réutilisable pour Créer un Compte Usager,,2023-12-01 17:34:45,2023-12-01 17:35:33,"47,248s",PASSED
if (StopTestCase == false),Chrome 119.0.0.0,,,2023-12-01 17:35:33,2023-12-01 17:35:33,"0,000s",PASSED
Video,Chrome 119.0.0.0,,,2023-12-01 17:35:35,2023-12-01 17:35:35,"0,001s",PASSED
,,,,,,,
Test Cases/Cas D Utilisations/Usager Etudiant/TNR R.TSPT Supp90-Etudiant,Chrome 119.0.0.0,,,2023-12-01 17:35:35,2023-12-01 17:36:46,"1m - 11,547s",PASSED
com.kazurayam.ksbackyard.HighlightElement.pandemic(),Chrome 119.0.0.0,,,2023-12-01 17:35:35,2023-12-01 17:35:35,"0,008s",PASSED
"callTestCase(findTestCase(""Test Reutilisable/Main/Lancer URL ANEF""), [""Profiles"":""Usager"", ""EnvExec"":EnvExec], STOP_ON_FAILURE)",Chrome 119.0.0.0,Appel Brique Réutilisable pour lancer URl ANEF pour Usager ou Agent,,2023-12-01 17:35:35,2023-12-01 17:35:57,"21,882s",PASSED
"callTestCase(findTestCase(""Test Reutilisable/Main/Creer Votre Compte""), [""NumEtrangerVisa"":NumEtrangerVisa, ""DateDebut"":DateDebut, ""DateFin"":DateFin, ""EnvExec"":EnvExec], STOP_ON_FAILURE)",Chrome 119.0.0.0,Appel Brique Réutilisable pour Créer un Compte Usager,,2023-12-01 17:35:57,2023-12-01 17:36:44,"47,496s",PASSED
if (StopTestCase == false),Chrome 119.0.0.0,,,2023-12-01 17:36:44,2023-12-01 17:36:44,"0,000s",PASSED
Video,Chrome 119.0.0.0,,,2023-12-01 17:36:46,2023-12-01 17:36:46,"0,001s",PASSED
,,,,,,,
Test Cases/Cas D Utilisations/Usager Etudiant/TNR R.TSPT Supp90-Etudiant,Chrome 119.0.0.0,,,2023-12-01 17:36:47,2023-12-01 17:37:58,"1m - 11,540s",PASSED
com.kazurayam.ksbackyard.HighlightElement.pandemic(),Chrome 119.0.0.0,,,2023-12-01 17:36:47,2023-12-01 17:36:47,"0,006s",PASSED
"callTestCase(findTestCase(""Test Reutilisable/Main/Lancer URL ANEF""), [""Profiles"":""Usager"", ""EnvExec"":EnvExec], STOP_ON_FAILURE)",Chrome 119.0.0.0,Appel Brique Réutilisable pour lancer URl ANEF pour Usager ou Agent,,2023-12-01 17:36:47,2023-12-01 17:37:09,"21,992s",PASSED
"callTestCase(findTestCase(""Test Reutilisable/Main/Creer Votre Compte""), [""NumEtrangerVisa"":NumEtrangerVisa, ""DateDebut"":DateDebut, ""DateFin"":DateFin, ""EnvExec"":EnvExec], STOP_ON_FAILURE)",Chrome 119.0.0.0,Appel Brique Réutilisable pour Créer un Compte Usager,,2023-12-01 17:37:09,2023-12-01 17:37:56,"47,366s",PASSED
if (StopTestCase == false),Chrome 119.0.0.0,,,2023-12-01 17:37:56,2023-12-01 17:37:56,"0,000s",PASSED
Video,Chrome 119.0.0.0,,,2023-12-01 17:37:58,2023-12-01 17:37:58,"0,000s",PASSED
,,,,,,,
Test Cases/Cas D Utilisations/Usager Etudiant/TNR R.TSPT Supp90-Etudiant,Chrome 119.0.0.0,,,2023-12-01 17:37:58,2023-12-01 17:39:10,"1m - 11,420s",PASSED
com.kazurayam.ksbackyard.HighlightElement.pandemic(),Chrome 119.0.0.0,,,2023-12-01 17:37:58,2023-12-01 17:37:58,"0,005s",PASSED
"callTestCase(findTestCase(""Test Reutilisable/Main/Lancer URL ANEF""), [""Profiles"":""Usager"", ""EnvExec"":EnvExec], STOP_ON_FAILURE)",Chrome 119.0.0.0,Appel Brique Réutilisable pour lancer URl ANEF pour Usager ou Agent,,2023-12-01 17:37:58,2023-12-01 17:38:20,"21,950s",PASSED
"callTestCase(findTestCase(""Test Reutilisable/Main/Creer Votre Compte""), [""NumEtrangerVisa"":NumEtrangerVisa, ""DateDebut"":DateDebut, ""DateFin"":DateFin, ""EnvExec"":EnvExec], STOP_ON_FAILURE)",Chrome 119.0.0.0,Appel Brique Réutilisable pour Créer un Compte Usager,,2023-12-01 17:38:20,2023-12-01 17:39:08,"47,302s",PASSED
if (StopTestCase == false),Chrome 119.0.0.0,,,2023-12-01 17:39:08,2023-12-01 17:39:08,"0,000s",PASSED
Video,Chrome 119.0.0.0,,,2023-12-01 17:39:10,2023-12-01 17:39:10,"0,001s",PASSED
,,,,,,,
Test Cases/Cas D Utilisations/Usager Etudiant/TNR R.TSPT Supp90-Etudiant,Chrome 119.0.0.0,,,2023-12-01 17:39:10,2023-12-01 17:40:21,"1m - 11,087s",PASSED
com.kazurayam.ksbackyard.HighlightElement.pandemic(),Chrome 119.0.0.0,,,2023-12-01 17:39:10,2023-12-01 17:39:10,"0,006s",PASSED
"callTestCase(findTestCase(""Test Reutilisable/Main/Lancer URL ANEF""), [""Profiles"":""Usager"", ""EnvExec"":EnvExec], STOP_ON_FAILURE)",Chrome 119.0.0.0,Appel Brique Réutilisable pour lancer URl ANEF pour Usager ou Agent,,2023-12-01 17:39:10,2023-12-01 17:39:32,"21,835s",PASSED
"callTestCase(findTestCase(""Test Reutilisable/Main/Creer Votre Compte""), [""NumEtrangerVisa"":NumEtrangerVisa, ""DateDebut"":DateDebut, ""DateFin"":DateFin, ""EnvExec"":EnvExec], STOP_ON_FAILURE)",Chrome 119.0.0.0,Appel Brique Réutilisable pour Créer un Compte Usager,,2023-12-01 17:39:32,2023-12-01 17:40:19,"47,024s",PASSED
if (StopTestCase == false),Chrome 119.0.0.0,,,2023-12-01 17:40:19,2023-12-01 17:40:19,"0,000s",PASSED
Video,Chrome 119.0.0.0,,,2023-12-01 17:40:21,2023-12-01 17:40:21,"0,001s",PASSED
,,,,,,,
Test Cases/Cas D Utilisations/Usager Etudiant/TNR R.TSPT Supp90-Etudiant,Chrome 119.0.0.0,,,2023-12-01 17:40:21,2023-12-01 17:41:33,"1m - 11,782s",PASSED
com.kazurayam.ksbackyard.HighlightElement.pandemic(),Chrome 119.0.0.0,,,2023-12-01 17:40:21,2023-12-01 17:40:21,"0,007s",PASSED
"callTestCase(findTestCase(""Test Reutilisable/Main/Lancer URL ANEF""), [""Profiles"":""Usager"", ""EnvExec"":EnvExec], STOP_ON_FAILURE)",Chrome 119.0.0.0,Appel Brique Réutilisable pour lancer URl ANEF pour Usager ou Agent,,2023-12-01 17:40:21,2023-12-01 17:40:43,"22,112s",PASSED
"callTestCase(findTestCase(""Test Reutilisable/Main/Creer Votre Compte""), [""NumEtrangerVisa"":NumEtrangerVisa, ""DateDebut"":DateDebut, ""DateFin"":DateFin, ""EnvExec"":EnvExec], STOP_ON_FAILURE)",Chrome 119.0.0.0,Appel Brique Réutilisable pour Créer un Compte Usager,,2023-12-01 17:40:43,2023-12-01 17:41:31,"47,415s",PASSED
if (StopTestCase == false),Chrome 119.0.0.0,,,2023-12-01 17:41:31,2023-12-01 17:41:31,"0,000s",PASSED
Video,Chrome 119.0.0.0,,,2023-12-01 17:41:33,2023-12-01 17:41:33,"0,001s",PASSED
,,,,,,,
Test Cases/Cas D Utilisations/Usager Etudiant/TNR R.TSPT Supp90-Etudiant,Chrome 119.0.0.0,,,2023-12-01 17:41:33,2023-12-01 17:42:46,"1m - 13,127s",PASSED
com.kazurayam.ksbackyard.HighlightElement.pandemic(),Chrome 119.0.0.0,,,2023-12-01 17:41:33,2023-12-01 17:41:33,"0,004s",PASSED
"callTestCase(findTestCase(""Test Reutilisable/Main/Lancer URL ANEF""), [""Profiles"":""Usager"", ""EnvExec"":EnvExec], STOP_ON_FAILURE)",Chrome 119.0.0.0,Appel Brique Réutilisable pour lancer URl ANEF pour Usager ou Agent,,2023-12-01 17:41:33,2023-12-01 17:41:55,"22,028s",PASSED
"callTestCase(findTestCase(""Test Reutilisable/Main/Creer Votre Compte""), [""NumEtrangerVisa"":NumEtrangerVisa, ""DateDebut"":DateDebut, ""DateFin"":DateFin, ""EnvExec"":EnvExec], STOP_ON_FAILURE)",Chrome 119.0.0.0,Appel Brique Réutilisable pour Créer un Compte Usager,,2023-12-01 17:41:55,2023-12-01 17:42:44,"48,883s",PASSED
if (StopTestCase == false),Chrome 119.0.0.0,,,2023-12-01 17:42:44,2023-12-01 17:42:44,"0,000s",PASSED
Video,Chrome 119.0.0.0,,,2023-12-01 17:42:46,2023-12-01 17:42:46,"0,000s",PASSED
,,,,,,,
Test Cases/Cas D Utilisations/Usager Etudiant/TNR R.TSPT Supp90-Etudiant,Chrome 119.0.0.0,,,2023-12-01 17:42:46,2023-12-01 17:43:58,"1m - 11,471s",PASSED
com.kazurayam.ksbackyard.HighlightElement.pandemic(),Chrome 119.0.0.0,,,2023-12-01 17:42:46,2023-12-01 17:42:46,"0,006s",PASSED
"callTestCase(findTestCase(""Test Reutilisable/Main/Lancer URL ANEF""), [""Profiles"":""Usager"", ""EnvExec"":EnvExec], STOP_ON_FAILURE)",Chrome 119.0.0.0,Appel Brique Réutilisable pour lancer URl ANEF pour Usager ou Agent,,2023-12-01 17:42:46,2023-12-01 17:43:08,"22,120s",PASSED
"callTestCase(findTestCase(""Test Reutilisable/Main/Creer Votre Compte""), [""NumEtrangerVisa"":NumEtrangerVisa, ""DateDebut"":DateDebut, ""DateFin"":DateFin, ""EnvExec"":EnvExec], STOP_ON_FAILURE)",Chrome 119.0.0.0,Appel Brique Réutilisable pour Créer un Compte Usager,,2023-12-01 17:43:08,2023-12-01 17:43:56,"47,166s",PASSED
if (StopTestCase == false),Chrome 119.0.0.0,,,2023-12-01 17:43:56,2023-12-01 17:43:56,"0,001s",PASSED
Video,Chrome 119.0.0.0,,,2023-12-01 17:43:58,2023-12-01 17:43:58,"0,001s",PASSED
,,,,,,,
Test Cases/Cas D Utilisations/Usager Etudiant/TNR R.TSPT Supp90-Etudiant,Chrome 119.0.0.0,,,2023-12-01 17:43:58,2023-12-01 17:48:25,"4m - 26,835s",FAILED
com.kazurayam.ksbackyard.HighlightElement.pandemic(),Chrome 119.0.0.0,,,2023-12-01 17:43:58,2023-12-01 17:43:58,"0,005s",PASSED
"callTestCase(findTestCase(""Test Reutilisable/Main/Lancer URL ANEF""), [""Profiles"":""Usager"", ""EnvExec"":EnvExec], STOP_ON_FAILURE)",Chrome 119.0.0.0,Appel Brique Réutilisable pour lancer URl ANEF pour Usager ou Agent,,2023-12-01 17:43:58,2023-12-01 17:44:20,"22,272s",PASSED
"callTestCase(findTestCase(""Test Reutilisable/Main/Creer Votre Compte""), [""NumEtrangerVisa"":NumEtrangerVisa, ""DateDebut"":DateDebut, ""DateFin"":DateFin, ""EnvExec"":EnvExec], STOP_ON_FAILURE)",Chrome 119.0.0.0,Appel Brique Réutilisable pour Créer un Compte Usager,,2023-12-01 17:44:20,2023-12-01 17:47:08,"2m - 47,550s",PASSED
if (StopTestCase == false),Chrome 119.0.0.0,,,2023-12-01 17:47:08,2023-12-01 17:48:22,"1m - 14,420s",FAILED
Video,Chrome 119.0.0.0,,,2023-12-01 17:48:25,2023-12-01 17:48:25,"0,000s",PASSED
,,,,,,,
Test Cases/Cas D Utilisations/Usager Etudiant/TNR R.TSPT Supp90-Etudiant,Chrome 119.0.0.0,,,2023-12-01 17:48:25,2023-12-01 17:53:15,"4m - 50,676s",FAILED
com.kazurayam.ksbackyard.HighlightElement.pandemic(),Chrome 119.0.0.0,,,2023-12-01 17:48:25,2023-12-01 17:48:25,"0,004s",PASSED
"callTestCase(findTestCase(""Test Reutilisable/Main/Lancer URL ANEF""), [""Profiles"":""Usager"", ""EnvExec"":EnvExec], STOP_ON_FAILURE)",Chrome 119.0.0.0,Appel Brique Réutilisable pour lancer URl ANEF pour Usager ou Agent,,2023-12-01 17:48:25,2023-12-01 17:48:47,"22,092s",PASSED
"callTestCase(findTestCase(""Test Reutilisable/Main/Creer Votre Compte""), [""NumEtrangerVisa"":NumEtrangerVisa, ""DateDebut"":DateDebut, ""DateFin"":DateFin, ""EnvExec"":EnvExec], STOP_ON_FAILURE)",Chrome 119.0.0.0,Appel Brique Réutilisable pour Créer un Compte Usager,,2023-12-01 17:48:47,2023-12-01 17:51:35,"2m - 48,033s",PASSED
if (StopTestCase == false),Chrome 119.0.0.0,,,2023-12-01 17:51:35,2023-12-01 17:53:13,"1m - 37,851s",FAILED
Video,Chrome 119.0.0.0,,,2023-12-01 17:53:15,2023-12-01 17:53:15,"0,000s",PASSED
,,,,,,,
Test Cases/Cas D Utilisations/Usager Etudiant/TNR R.TSPT Supp90-Etudiant,Chrome 119.0.0.0,,,2023-12-01 17:53:16,2023-12-01 17:54:27,"1m - 11,619s",PASSED
com.kazurayam.ksbackyard.HighlightElement.pandemic(),Chrome 119.0.0.0,,,2023-12-01 17:53:16,2023-12-01 17:53:16,"0,005s",PASSED
"callTestCase(findTestCase(""Test Reutilisable/Main/Lancer URL ANEF""), [""Profiles"":""Usager"", ""EnvExec"":EnvExec], STOP_ON_FAILURE)",Chrome 119.0.0.0,Appel Brique Réutilisable pour lancer URl ANEF pour Usager ou Agent,,2023-12-01 17:53:16,2023-12-01 17:53:38,"22,219s",PASSED
"callTestCase(findTestCase(""Test Reutilisable/Main/Creer Votre Compte""), [""NumEtrangerVisa"":NumEtrangerVisa, ""DateDebut"":DateDebut, ""DateFin"":DateFin, ""EnvExec"":EnvExec], STOP_ON_FAILURE)",Chrome 119.0.0.0,Appel Brique Réutilisable pour Créer un Compte Usager,,2023-12-01 17:53:38,2023-12-01 17:54:25,"47,181s",PASSED
if (StopTestCase == false),Chrome 119.0.0.0,,,2023-12-01 17:54:25,2023-12-01 17:54:25,"0,000s",PASSED
Video,Chrome 119.0.0.0,,,2023-12-01 17:54:27,2023-12-01 17:54:27,"0,000s",PASSED
,,,,,,,
Test Cases/Cas D Utilisations/Usager Etudiant/TNR R.TSPT Supp90-Visiteur,Chrome 119.0.0.0,,,2023-12-01 17:54:27,2023-12-01 17:55:40,"1m - 12,325s",PASSED
com.kazurayam.ksbackyard.HighlightElement.pandemic(),Chrome 119.0.0.0,,,2023-12-01 17:54:28,2023-12-01 17:54:28,"0,008s",PASSED
"callTestCase(findTestCase(""Test Reutilisable/Main/Lancer URL ANEF""), [""Profiles"":""Usager"", ""EnvExec"":EnvExec], STOP_ON_FAILURE)",Chrome 119.0.0.0,Appel Brique Réutilisable pour lancer URl ANEF pour Usager ou Agent,,2023-12-01 17:54:28,2023-12-01 17:54:51,"22,221s",PASSED
"callTestCase(findTestCase(""Test Reutilisable/Main/Creer Votre Compte""), [""NumEtrangerVisa"":NumEtrangerVisa, ""DateDebut"":DateDebut, ""DateFin"":DateFin, ""EnvExec"":EnvExec], STOP_ON_FAILURE)",Chrome 119.0.0.0,Appel Brique Réutilisable pour Créer un Compte Usager,,2023-12-01 17:54:51,2023-12-01 17:55:38,"47,029s",PASSED
if (StopTestCase == false),Chrome 119.0.0.0,,,2023-12-01 17:55:38,2023-12-01 17:55:38,"0,001s",PASSED
Video,Chrome 119.0.0.0,,,2023-12-01 17:55:40,2023-12-01 17:55:40,"0,001s",PASSED
,,,,,,,
Test Cases/Cas D Utilisations/Usager Etudiant/TNR R.TSPT Supp90-Visiteur,Chrome 119.0.0.0,,,2023-12-01 17:55:40,2023-12-01 17:56:51,"1m - 11,405s",PASSED
com.kazurayam.ksbackyard.HighlightElement.pandemic(),Chrome 119.0.0.0,,,2023-12-01 17:55:40,2023-12-01 17:55:40,"0,006s",PASSED
"callTestCase(findTestCase(""Test Reutilisable/Main/Lancer URL ANEF""), [""Profiles"":""Usager"", ""EnvExec"":EnvExec], STOP_ON_FAILURE)",Chrome 119.0.0.0,Appel Brique Réutilisable pour lancer URl ANEF pour Usager ou Agent,,2023-12-01 17:55:40,2023-12-01 17:56:02,"22,017s",PASSED
"callTestCase(findTestCase(""Test Reutilisable/Main/Creer Votre Compte""), [""NumEtrangerVisa"":NumEtrangerVisa, ""DateDebut"":DateDebut, ""DateFin"":DateFin, ""EnvExec"":EnvExec], STOP_ON_FAILURE)",Chrome 119.0.0.0,Appel Brique Réutilisable pour Créer un Compte Usager,,2023-12-01 17:56:02,2023-12-01 17:56:49,"47,231s",PASSED
if (StopTestCase == false),Chrome 119.0.0.0,,,2023-12-01 17:56:49,2023-12-01 17:56:49,"0,001s",PASSED
Video,Chrome 119.0.0.0,,,2023-12-01 17:56:51,2023-12-01 17:56:51,"0,001s",PASSED
,,,,,,,
Test Cases/Cas D Utilisations/Usager Etudiant/TNR R.TSPT Supp90-Visiteur,Chrome 119.0.0.0,,,2023-12-01 17:56:51,2023-12-01 18:04:33,"7m - 42,079s",PASSED
com.kazurayam.ksbackyard.HighlightElement.pandemic(),Chrome 119.0.0.0,,,2023-12-01 17:56:51,2023-12-01 17:56:51,"0,005s",PASSED
"callTestCase(findTestCase(""Test Reutilisable/Main/Lancer URL ANEF""), [""Profiles"":""Usager"", ""EnvExec"":EnvExec], STOP_ON_FAILURE)",Chrome 119.0.0.0,Appel Brique Réutilisable pour lancer URl ANEF pour Usager ou Agent,,2023-12-01 17:56:51,2023-12-01 17:57:14,"22,135s",PASSED
"callTestCase(findTestCase(""Test Reutilisable/Main/Creer Votre Compte""), [""NumEtrangerVisa"":NumEtrangerVisa, ""DateDebut"":DateDebut, ""DateFin"":DateFin, ""EnvExec"":EnvExec], STOP_ON_FAILURE)",Chrome 119.0.0.0,Appel Brique Réutilisable pour Créer un Compte Usager,,2023-12-01 17:57:14,2023-12-01 18:00:01,"2m - 47,548s",PASSED
if (StopTestCase == false),Chrome 119.0.0.0,,,2023-12-01 18:00:01,2023-12-01 18:04:31,"4m - 29,508s",PASSED
Video,Chrome 119.0.0.0,,,2023-12-01 18:04:33,2023-12-01 18:04:33,"0,001s",PASSED
,,,,,,,
Test Cases/Cas D Utilisations/Usager Etudiant/TNR R.TSPT Supp90-Visiteur,Chrome 119.0.0.0,,,2023-12-01 18:04:34,2023-12-01 18:12:22,"7m - 48,033s",PASSED
com.kazurayam.ksbackyard.HighlightElement.pandemic(),Chrome 119.0.0.0,,,2023-12-01 18:04:34,2023-12-01 18:04:34,"0,006s",PASSED
"callTestCase(findTestCase(""Test Reutilisable/Main/Lancer URL ANEF""), [""Profiles"":""Usager"", ""EnvExec"":EnvExec], STOP_ON_FAILURE)",Chrome 119.0.0.0,Appel Brique Réutilisable pour lancer URl ANEF pour Usager ou Agent,,2023-12-01 18:04:34,2023-12-01 18:04:56,"22,023s",PASSED
"callTestCase(findTestCase(""Test Reutilisable/Main/Creer Votre Compte""), [""NumEtrangerVisa"":NumEtrangerVisa, ""DateDebut"":DateDebut, ""DateFin"":DateFin, ""EnvExec"":EnvExec], STOP_ON_FAILURE)",Chrome 119.0.0.0,Appel Brique Réutilisable pour Créer un Compte Usager,,2023-12-01 18:04:56,2023-12-01 18:07:43,"2m - 47,357s",PASSED
if (StopTestCase == false),Chrome 119.0.0.0,,,2023-12-01 18:07:43,2023-12-01 18:12:19,"4m - 35,780s",PASSED
Video,Chrome 119.0.0.0,,,2023-12-01 18:12:22,2023-12-01 18:12:22,"0,001s",PASSED
,,,,,,,
Test Cases/Cas D Utilisations/Usager Etudiant/TNR R.TSPT Supp90-Visiteur,Chrome 119.0.0.0,,,2023-12-01 18:12:22,2023-12-01 18:20:33,"8m - 11,278s",PASSED
com.kazurayam.ksbackyard.HighlightElement.pandemic(),Chrome 119.0.0.0,,,2023-12-01 18:12:22,2023-12-01 18:12:22,"0,008s",PASSED
"callTestCase(findTestCase(""Test Reutilisable/Main/Lancer URL ANEF""), [""Profiles"":""Usager"", ""EnvExec"":EnvExec], STOP_ON_FAILURE)",Chrome 119.0.0.0,Appel Brique Réutilisable pour lancer URl ANEF pour Usager ou Agent,,2023-12-01 18:12:22,2023-12-01 18:12:44,"22,285s",PASSED
"callTestCase(findTestCase(""Test Reutilisable/Main/Creer Votre Compte""), [""NumEtrangerVisa"":NumEtrangerVisa, ""DateDebut"":DateDebut, ""DateFin"":DateFin, ""EnvExec"":EnvExec], STOP_ON_FAILURE)",Chrome 119.0.0.0,Appel Brique Réutilisable pour Créer un Compte Usager,,2023-12-01 18:12:44,2023-12-01 18:15:31,"2m - 47,368s",PASSED
if (StopTestCase == false),Chrome 119.0.0.0,,,2023-12-01 18:15:31,2023-12-01 18:20:30,"4m - 58,691s",PASSED
Video,Chrome 119.0.0.0,,,2023-12-01 18:20:33,2023-12-01 18:20:33,"0,000s",PASSED
,,,,,,,
Test Cases/Cas D Utilisations/Usager Etudiant/TNR R.TSPT Supp90-Visiteur,Chrome 119.0.0.0,,,2023-12-01 18:20:33,2023-12-01 18:29:00,"8m - 26,872s",PASSED
com.kazurayam.ksbackyard.HighlightElement.pandemic(),Chrome 119.0.0.0,,,2023-12-01 18:20:33,2023-12-01 18:20:33,"0,010s",PASSED
"callTestCase(findTestCase(""Test Reutilisable/Main/Lancer URL ANEF""), [""Profiles"":""Usager"", ""EnvExec"":EnvExec], STOP_ON_FAILURE)",Chrome 119.0.0.0,Appel Brique Réutilisable pour lancer URl ANEF pour Usager ou Agent,,2023-12-01 18:20:33,2023-12-01 18:20:55,"22,153s",PASSED
"callTestCase(findTestCase(""Test Reutilisable/Main/Creer Votre Compte""), [""NumEtrangerVisa"":NumEtrangerVisa, ""DateDebut"":DateDebut, ""DateFin"":DateFin, ""EnvExec"":EnvExec], STOP_ON_FAILURE)",Chrome 119.0.0.0,Appel Brique Réutilisable pour Créer un Compte Usager,,2023-12-01 18:20:55,2023-12-01 18:23:43,"2m - 47,808s",PASSED
if (StopTestCase == false),Chrome 119.0.0.0,,,2023-12-01 18:23:43,2023-12-01 18:28:57,"5m - 13,934s",PASSED
Video,Chrome 119.0.0.0,,,2023-12-01 18:29:00,2023-12-01 18:29:00,"0,000s",PASSED
,,,,,,,
Test Cases/Cas D Utilisations/Usager Etudiant/TNR R.TSPT Supp90-Visiteur,Chrome 119.0.0.0,,,2023-12-01 18:29:00,2023-12-01 18:36:32,"7m - 32,131s",PASSED
com.kazurayam.ksbackyard.HighlightElement.pandemic(),Chrome 119.0.0.0,,,2023-12-01 18:29:00,2023-12-01 18:29:00,"0,005s",PASSED
"callTestCase(findTestCase(""Test Reutilisable/Main/Lancer URL ANEF""), [""Profiles"":""Usager"", ""EnvExec"":EnvExec], STOP_ON_FAILURE)",Chrome 119.0.0.0,Appel Brique Réutilisable pour lancer URl ANEF pour Usager ou Agent,,2023-12-01 18:29:00,2023-12-01 18:29:22,"22,254s",PASSED
"callTestCase(findTestCase(""Test Reutilisable/Main/Creer Votre Compte""), [""NumEtrangerVisa"":NumEtrangerVisa, ""DateDebut"":DateDebut, ""DateFin"":DateFin, ""EnvExec"":EnvExec], STOP_ON_FAILURE)",Chrome 119.0.0.0,Appel Brique Réutilisable pour Créer un Compte Usager,,2023-12-01 18:29:22,2023-12-01 18:32:10,"2m - 47,365s",PASSED
if (StopTestCase == false),Chrome 119.0.0.0,,,2023-12-01 18:32:10,2023-12-01 18:36:29,"4m - 19,565s",PASSED
Video,Chrome 119.0.0.0,,,2023-12-01 18:36:32,2023-12-01 18:36:32,"0,000s",PASSED
,,,,,,,
Test Cases/Cas D Utilisations/Usager Etudiant/TNR R.TSPT Supp90-Visiteur,Chrome 119.0.0.0,,,2023-12-01 18:36:32,2023-12-01 18:44:23,"7m - 50,225s",PASSED
com.kazurayam.ksbackyard.HighlightElement.pandemic(),Chrome 119.0.0.0,,,2023-12-01 18:36:33,2023-12-01 18:36:33,"0,007s",PASSED
"callTestCase(findTestCase(""Test Reutilisable/Main/Lancer URL ANEF""), [""Profiles"":""Usager"", ""EnvExec"":EnvExec], STOP_ON_FAILURE)",Chrome 119.0.0.0,Appel Brique Réutilisable pour lancer URl ANEF pour Usager ou Agent,,2023-12-01 18:36:33,2023-12-01 18:36:55,"22,386s",PASSED
"callTestCase(findTestCase(""Test Reutilisable/Main/Creer Votre Compte""), [""NumEtrangerVisa"":NumEtrangerVisa, ""DateDebut"":DateDebut, ""DateFin"":DateFin, ""EnvExec"":EnvExec], STOP_ON_FAILURE)",Chrome 119.0.0.0,Appel Brique Réutilisable pour Créer un Compte Usager,,2023-12-01 18:36:55,2023-12-01 18:39:42,"2m - 46,806s",PASSED
if (StopTestCase == false),Chrome 119.0.0.0,,,2023-12-01 18:39:42,2023-12-01 18:44:20,"4m - 38,142s",PASSED
Video,Chrome 119.0.0.0,,,2023-12-01 18:44:23,2023-12-01 18:44:23,"0,000s",PASSED
,,,,,,,
Test Cases/Cas D Utilisations/Usager Etudiant/TNR R.TSPT Supp90-Visiteur,Chrome 119.0.0.0,,,2023-12-01 18:44:23,2023-12-01 18:52:41,"8m - 17,858s",PASSED
com.kazurayam.ksbackyard.HighlightElement.pandemic(),Chrome 119.0.0.0,,,2023-12-01 18:44:23,2023-12-01 18:44:23,"0,006s",PASSED
"callTestCase(findTestCase(""Test Reutilisable/Main/Lancer URL ANEF""), [""Profiles"":""Usager"", ""EnvExec"":EnvExec], STOP_ON_FAILURE)",Chrome 119.0.0.0,Appel Brique Réutilisable pour lancer URl ANEF pour Usager ou Agent,,2023-12-01 18:44:23,2023-12-01 18:44:45,"22,122s",PASSED
"callTestCase(findTestCase(""Test Reutilisable/Main/Creer Votre Compte""), [""NumEtrangerVisa"":NumEtrangerVisa, ""DateDebut"":DateDebut, ""DateFin"":DateFin, ""EnvExec"":EnvExec], STOP_ON_FAILURE)",Chrome 119.0.0.0,Appel Brique Réutilisable pour Créer un Compte Usager,,2023-12-01 18:44:45,2023-12-01 18:47:32,"2m - 46,958s",PASSED
if (StopTestCase == false),Chrome 119.0.0.0,,,2023-12-01 18:47:32,2023-12-01 18:52:38,"5m - 5,635s",PASSED
Video,Chrome 119.0.0.0,,,2023-12-01 18:52:41,2023-12-01 18:52:41,"0,001s",PASSED
,,,,,,,
Test Cases/Cas D Utilisations/Usager Etudiant/TNR R.TSPT Supp90-Visiteur,Chrome 119.0.0.0,,,2023-12-01 18:52:41,2023-12-01 19:00:18,"7m - 37,360s",PASSED
com.kazurayam.ksbackyard.HighlightElement.pandemic(),Chrome 119.0.0.0,,,2023-12-01 18:52:41,2023-12-01 18:52:41,"0,008s",PASSED
"callTestCase(findTestCase(""Test Reutilisable/Main/Lancer URL ANEF""), [""Profiles"":""Usager"", ""EnvExec"":EnvExec], STOP_ON_FAILURE)",Chrome 119.0.0.0,Appel Brique Réutilisable pour lancer URl ANEF pour Usager ou Agent,,2023-12-01 18:52:41,2023-12-01 18:53:03,"22,584s",PASSED
"callTestCase(findTestCase(""Test Reutilisable/Main/Creer Votre Compte""), [""NumEtrangerVisa"":NumEtrangerVisa, ""DateDebut"":DateDebut, ""DateFin"":DateFin, ""EnvExec"":EnvExec], STOP_ON_FAILURE)",Chrome 119.0.0.0,Appel Brique Réutilisable pour Créer un Compte Usager,,2023-12-01 18:53:03,2023-12-01 18:55:51,"2m - 47,118s",PASSED
if (StopTestCase == false),Chrome 119.0.0.0,,,2023-12-01 18:55:51,2023-12-01 19:00:15,"4m - 24,752s",PASSED
Video,Chrome 119.0.0.0,,,2023-12-01 19:00:18,2023-12-01 19:00:18,"0,001s",PASSED
,,,,,,,
Test Cases/Cas D Utilisations/Usager Etudiant/TNR R.TSPT Supp90-Visiteur,Chrome 119.0.0.0,,,2023-12-01 19:00:18,2023-12-01 19:08:25,"8m - 6,290s",PASSED
com.kazurayam.ksbackyard.HighlightElement.pandemic(),Chrome 119.0.0.0,,,2023-12-01 19:00:18,2023-12-01 19:00:18,"0,008s",PASSED
"callTestCase(findTestCase(""Test Reutilisable/Main/Lancer URL ANEF""), [""Profiles"":""Usager"", ""EnvExec"":EnvExec], STOP_ON_FAILURE)",Chrome 119.0.0.0,Appel Brique Réutilisable pour lancer URl ANEF pour Usager ou Agent,,2023-12-01 19:00:18,2023-12-01 19:00:41,"22,476s",PASSED
"callTestCase(findTestCase(""Test Reutilisable/Main/Creer Votre Compte""), [""NumEtrangerVisa"":NumEtrangerVisa, ""DateDebut"":DateDebut, ""DateFin"":DateFin, ""EnvExec"":EnvExec], STOP_ON_FAILURE)",Chrome 119.0.0.0,Appel Brique Réutilisable pour Créer un Compte Usager,,2023-12-01 19:00:41,2023-12-01 19:03:30,"2m - 49,425s",PASSED
if (StopTestCase == false),Chrome 119.0.0.0,,,2023-12-01 19:03:30,2023-12-01 19:08:22,"4m - 51,486s",PASSED
Video,Chrome 119.0.0.0,,,2023-12-01 19:08:25,2023-12-01 19:08:25,"0,001s",PASSED
,,,,,,,
Test Cases/Cas D Utilisations/Usager Etudiant/TNR R.TSPT Supp90-Visiteur,Chrome 119.0.0.0,,,2023-12-01 19:08:25,2023-12-01 19:16:33,"8m - 8,647s",PASSED
com.kazurayam.ksbackyard.HighlightElement.pandemic(),Chrome 119.0.0.0,,,2023-12-01 19:08:25,2023-12-01 19:08:25,"0,006s",PASSED
"callTestCase(findTestCase(""Test Reutilisable/Main/Lancer URL ANEF""), [""Profiles"":""Usager"", ""EnvExec"":EnvExec], STOP_ON_FAILURE)",Chrome 119.0.0.0,Appel Brique Réutilisable pour lancer URl ANEF pour Usager ou Agent,,2023-12-01 19:08:25,2023-12-01 19:08:47,"22,234s",PASSED
"callTestCase(findTestCase(""Test Reutilisable/Main/Creer Votre Compte""), [""NumEtrangerVisa"":NumEtrangerVisa, ""DateDebut"":DateDebut, ""DateFin"":DateFin, ""EnvExec"":EnvExec], STOP_ON_FAILURE)",Chrome 119.0.0.0,Appel Brique Réutilisable pour Créer un Compte Usager,,2023-12-01 19:08:47,2023-12-01 19:11:34,"2m - 47,172s",PASSED
if (StopTestCase == false),Chrome 119.0.0.0,,,2023-12-01 19:11:34,2023-12-01 19:16:30,"4m - 56,210s",PASSED
Video,Chrome 119.0.0.0,,,2023-12-01 19:16:33,2023-12-01 19:16:33,"0,001s",PASSED
,,,,,,,
Test Cases/Cas D Utilisations/Usager Etudiant/TNR R.TSPT Supp90-Visiteur,Chrome 119.0.0.0,,,2023-12-01 19:16:34,2023-12-01 19:21:00,"4m - 26,474s",FAILED
com.kazurayam.ksbackyard.HighlightElement.pandemic(),Chrome 119.0.0.0,,,2023-12-01 19:16:34,2023-12-01 19:16:34,"0,005s",PASSED
"callTestCase(findTestCase(""Test Reutilisable/Main/Lancer URL ANEF""), [""Profiles"":""Usager"", ""EnvExec"":EnvExec], STOP_ON_FAILURE)",Chrome 119.0.0.0,Appel Brique Réutilisable pour lancer URl ANEF pour Usager ou Agent,,2023-12-01 19:16:34,2023-12-01 19:16:56,"22,283s",PASSED
"callTestCase(findTestCase(""Test Reutilisable/Main/Creer Votre Compte""), [""NumEtrangerVisa"":NumEtrangerVisa, ""DateDebut"":DateDebut, ""DateFin"":DateFin, ""EnvExec"":EnvExec], STOP_ON_FAILURE)",Chrome 119.0.0.0,Appel Brique Réutilisable pour Créer un Compte Usager,,2023-12-01 19:16:56,2023-12-01 19:19:43,"2m - 47,478s",PASSED
if (StopTestCase == false),Chrome 119.0.0.0,,,2023-12-01 19:19:43,2023-12-01 19:20:57,"1m - 14,017s",FAILED
Video,Chrome 119.0.0.0,,,2023-12-01 19:21:00,2023-12-01 19:21:00,"0,001s",PASSED
,,,,,,,
Test Cases/Cas D Utilisations/Usager Etudiant/TNR R.TSPT Supp90-Visiteur,Chrome 119.0.0.0,,,2023-12-01 19:21:00,2023-12-01 19:25:27,"4m - 27,095s",FAILED
com.kazurayam.ksbackyard.HighlightElement.pandemic(),Chrome 119.0.0.0,,,2023-12-01 19:21:00,2023-12-01 19:21:00,"0,004s",PASSED
"callTestCase(findTestCase(""Test Reutilisable/Main/Lancer URL ANEF""), [""Profiles"":""Usager"", ""EnvExec"":EnvExec], STOP_ON_FAILURE)",Chrome 119.0.0.0,Appel Brique Réutilisable pour lancer URl ANEF pour Usager ou Agent,,2023-12-01 19:21:00,2023-12-01 19:21:22,"22,265s",PASSED
"callTestCase(findTestCase(""Test Reutilisable/Main/Creer Votre Compte""), [""NumEtrangerVisa"":NumEtrangerVisa, ""DateDebut"":DateDebut, ""DateFin"":DateFin, ""EnvExec"":EnvExec], STOP_ON_FAILURE)",Chrome 119.0.0.0,Appel Brique Réutilisable pour Créer un Compte Usager,,2023-12-01 19:21:22,2023-12-01 19:24:10,"2m - 47,951s",PASSED
if (StopTestCase == false),Chrome 119.0.0.0,,,2023-12-01 19:24:10,2023-12-01 19:25:25,"1m - 14,233s",FAILED
Video,Chrome 119.0.0.0,,,2023-12-01 19:25:27,2023-12-01 19:25:27,"0,000s",PASSED
,,,,,,,
Test Cases/Cas D Utilisations/Usager Etudiant/TNR R.TSPT Supp90-Visiteur,Chrome 119.0.0.0,,,2023-12-01 19:25:27,2023-12-01 19:29:54,"4m - 26,720s",FAILED
com.kazurayam.ksbackyard.HighlightElement.pandemic(),Chrome 119.0.0.0,,,2023-12-01 19:25:27,2023-12-01 19:25:27,"0,007s",PASSED
"callTestCase(findTestCase(""Test Reutilisable/Main/Lancer URL ANEF""), [""Profiles"":""Usager"", ""EnvExec"":EnvExec], STOP_ON_FAILURE)",Chrome 119.0.0.0,Appel Brique Réutilisable pour lancer URl ANEF pour Usager ou Agent,,2023-12-01 19:25:27,2023-12-01 19:25:50,"22,110s",PASSED
"callTestCase(findTestCase(""Test Reutilisable/Main/Creer Votre Compte""), [""NumEtrangerVisa"":NumEtrangerVisa, ""DateDebut"":DateDebut, ""DateFin"":DateFin, ""EnvExec"":EnvExec], STOP_ON_FAILURE)",Chrome 119.0.0.0,Appel Brique Réutilisable pour Créer un Compte Usager,,2023-12-01 19:25:50,2023-12-01 19:28:37,"2m - 47,543s",PASSED
if (StopTestCase == false),Chrome 119.0.0.0,,,2023-12-01 19:28:37,2023-12-01 19:29:52,"1m - 14,410s",FAILED
Video,Chrome 119.0.0.0,,,2023-12-01 19:29:54,2023-12-01 19:29:54,"0,001s",PASSED
,,,,,,,
Test Cases/Cas D Utilisations/Usager Etudiant/TNR R.TSPT Supp90-Visiteur,Chrome 119.0.0.0,,,2023-12-01 19:29:54,2023-12-01 19:34:21,"4m - 26,986s",FAILED
com.kazurayam.ksbackyard.HighlightElement.pandemic(),Chrome 119.0.0.0,,,2023-12-01 19:29:54,2023-12-01 19:29:54,"0,008s",PASSED
"callTestCase(findTestCase(""Test Reutilisable/Main/Lancer URL ANEF""), [""Profiles"":""Usager"", ""EnvExec"":EnvExec], STOP_ON_FAILURE)",Chrome 119.0.0.0,Appel Brique Réutilisable pour lancer URl ANEF pour Usager ou Agent,,2023-12-01 19:29:54,2023-12-01 19:30:16,"21,952s",PASSED
"callTestCase(findTestCase(""Test Reutilisable/Main/Creer Votre Compte""), [""NumEtrangerVisa"":NumEtrangerVisa, ""DateDebut"":DateDebut, ""DateFin"":DateFin, ""EnvExec"":EnvExec], STOP_ON_FAILURE)",Chrome 119.0.0.0,Appel Brique Réutilisable pour Créer un Compte Usager,,2023-12-01 19:30:16,2023-12-01 19:33:04,"2m - 47,429s",PASSED
if (StopTestCase == false),Chrome 119.0.0.0,,,2023-12-01 19:33:04,2023-12-01 19:34:19,"1m - 14,964s",FAILED
Video,Chrome 119.0.0.0,,,2023-12-01 19:34:21,2023-12-01 19:34:21,"0,001s",PASSED
,,,,,,,
Test Cases/Cas D Utilisations/Usager Etudiant/TNR R.TSPT Supp90-Visiteur,Chrome 119.0.0.0,,,2023-12-01 19:34:21,2023-12-01 19:38:48,"4m - 26,428s",FAILED
com.kazurayam.ksbackyard.HighlightElement.pandemic(),Chrome 119.0.0.0,,,2023-12-01 19:34:21,2023-12-01 19:34:21,"0,006s",PASSED
"callTestCase(findTestCase(""Test Reutilisable/Main/Lancer URL ANEF""), [""Profiles"":""Usager"", ""EnvExec"":EnvExec], STOP_ON_FAILURE)",Chrome 119.0.0.0,Appel Brique Réutilisable pour lancer URl ANEF pour Usager ou Agent,,2023-12-01 19:34:21,2023-12-01 19:34:44,"22,249s",PASSED
"callTestCase(findTestCase(""Test Reutilisable/Main/Creer Votre Compte""), [""NumEtrangerVisa"":NumEtrangerVisa, ""DateDebut"":DateDebut, ""DateFin"":DateFin, ""EnvExec"":EnvExec], STOP_ON_FAILURE)",Chrome 119.0.0.0,Appel Brique Réutilisable pour Créer un Compte Usager,,2023-12-01 19:34:44,2023-12-01 19:37:31,"2m - 47,382s",PASSED
if (StopTestCase == false),Chrome 119.0.0.0,,,2023-12-01 19:37:31,2023-12-01 19:38:45,"1m - 14,032s",FAILED
Video,Chrome 119.0.0.0,,,2023-12-01 19:38:48,2023-12-01 19:38:48,"0,001s",PASSED
,,,,,,,
Test Cases/Cas D Utilisations/Usager Etudiant/TNR R.TSPT Supp90-Visiteur,Chrome 119.0.0.0,,,2023-12-01 19:38:48,2023-12-01 19:43:14,"4m - 26,344s",FAILED
com.kazurayam.ksbackyard.HighlightElement.pandemic(),Chrome 119.0.0.0,,,2023-12-01 19:38:48,2023-12-01 19:38:48,"0,007s",PASSED
"callTestCase(findTestCase(""Test Reutilisable/Main/Lancer URL ANEF""), [""Profiles"":""Usager"", ""EnvExec"":EnvExec], STOP_ON_FAILURE)",Chrome 119.0.0.0,Appel Brique Réutilisable pour lancer URl ANEF pour Usager ou Agent,,2023-12-01 19:38:48,2023-12-01 19:39:10,"22,283s",PASSED
"callTestCase(findTestCase(""Test Reutilisable/Main/Creer Votre Compte""), [""NumEtrangerVisa"":NumEtrangerVisa, ""DateDebut"":DateDebut, ""DateFin"":DateFin, ""EnvExec"":EnvExec], STOP_ON_FAILURE)",Chrome 119.0.0.0,Appel Brique Réutilisable pour Créer un Compte Usager,,2023-12-01 19:39:10,2023-12-01 19:41:58,"2m - 47,421s",PASSED
if (StopTestCase == false),Chrome 119.0.0.0,,,2023-12-01 19:41:58,2023-12-01 19:43:12,"1m - 13,948s",FAILED
Video,Chrome 119.0.0.0,,,2023-12-01 19:43:14,2023-12-01 19:43:14,"0,001s",PASSED
,,,,,,,
Test Cases/Cas D Utilisations/Usager Etudiant/TNR R.TSPT Supp90-Visiteur,Chrome 119.0.0.0,,,2023-12-01 19:43:14,2023-12-01 19:47:41,"4m - 26,321s",FAILED
com.kazurayam.ksbackyard.HighlightElement.pandemic(),Chrome 119.0.0.0,,,2023-12-01 19:43:14,2023-12-01 19:43:14,"0,005s",PASSED
"callTestCase(findTestCase(""Test Reutilisable/Main/Lancer URL ANEF""), [""Profiles"":""Usager"", ""EnvExec"":EnvExec], STOP_ON_FAILURE)",Chrome 119.0.0.0,Appel Brique Réutilisable pour lancer URl ANEF pour Usager ou Agent,,2023-12-01 19:43:14,2023-12-01 19:43:37,"22,208s",PASSED
"callTestCase(findTestCase(""Test Reutilisable/Main/Creer Votre Compte""), [""NumEtrangerVisa"":NumEtrangerVisa, ""DateDebut"":DateDebut, ""DateFin"":DateFin, ""EnvExec"":EnvExec], STOP_ON_FAILURE)",Chrome 119.0.0.0,Appel Brique Réutilisable pour Créer un Compte Usager,,2023-12-01 19:43:37,2023-12-01 19:46:24,"2m - 47,172s",PASSED
if (StopTestCase == false),Chrome 119.0.0.0,,,2023-12-01 19:46:24,2023-12-01 19:47:38,"1m - 14,320s",FAILED
Video,Chrome 119.0.0.0,,,2023-12-01 19:47:41,2023-12-01 19:47:41,"0,002s",PASSED
,,,,,,,
Test Cases/Cas D Utilisations/Usager Etudiant/TNR R.TSPT Supp90-Visiteur,Chrome 119.0.0.0,,,2023-12-01 19:47:41,2023-12-01 19:52:07,"4m - 26,381s",FAILED
com.kazurayam.ksbackyard.HighlightElement.pandemic(),Chrome 119.0.0.0,,,2023-12-01 19:47:41,2023-12-01 19:47:41,"0,006s",PASSED
"callTestCase(findTestCase(""Test Reutilisable/Main/Lancer URL ANEF""), [""Profiles"":""Usager"", ""EnvExec"":EnvExec], STOP_ON_FAILURE)",Chrome 119.0.0.0,Appel Brique Réutilisable pour lancer URl ANEF pour Usager ou Agent,,2023-12-01 19:47:41,2023-12-01 19:48:03,"22,179s",PASSED
"callTestCase(findTestCase(""Test Reutilisable/Main/Creer Votre Compte""), [""NumEtrangerVisa"":NumEtrangerVisa, ""DateDebut"":DateDebut, ""DateFin"":DateFin, ""EnvExec"":EnvExec], STOP_ON_FAILURE)",Chrome 119.0.0.0,Appel Brique Réutilisable pour Créer un Compte Usager,,2023-12-01 19:48:03,2023-12-01 19:50:50,"2m - 47,402s",PASSED
if (StopTestCase == false),Chrome 119.0.0.0,,,2023-12-01 19:50:50,2023-12-01 19:52:05,"1m - 14,180s",FAILED
Video,Chrome 119.0.0.0,,,2023-12-01 19:52:07,2023-12-01 19:52:07,"0,001s",PASSED
,,,,,,,
Test Cases/Cas D Utilisations/Usager Etudiant/TNR R.TSPT Supp90-Visiteur,Chrome 119.0.0.0,,,2023-12-01 19:52:07,2023-12-01 19:56:35,"4m - 27,396s",FAILED
com.kazurayam.ksbackyard.HighlightElement.pandemic(),Chrome 119.0.0.0,,,2023-12-01 19:52:07,2023-12-01 19:52:07,"0,006s",PASSED
"callTestCase(findTestCase(""Test Reutilisable/Main/Lancer URL ANEF""), [""Profiles"":""Usager"", ""EnvExec"":EnvExec], STOP_ON_FAILURE)",Chrome 119.0.0.0,Appel Brique Réutilisable pour lancer URl ANEF pour Usager ou Agent,,2023-12-01 19:52:07,2023-12-01 19:52:30,"22,318s",PASSED
"callTestCase(findTestCase(""Test Reutilisable/Main/Creer Votre Compte""), [""NumEtrangerVisa"":NumEtrangerVisa, ""DateDebut"":DateDebut, ""DateFin"":DateFin, ""EnvExec"":EnvExec], STOP_ON_FAILURE)",Chrome 119.0.0.0,Appel Brique Réutilisable pour Créer un Compte Usager,,2023-12-01 19:52:30,2023-12-01 19:55:18,"2m - 48,036s",PASSED
if (StopTestCase == false),Chrome 119.0.0.0,,,2023-12-01 19:55:18,2023-12-01 19:56:32,"1m - 14,273s",FAILED
Video,Chrome 119.0.0.0,,,2023-12-01 19:56:35,2023-12-01 19:56:35,"0,000s",PASSED
,,,,,,,
Test Cases/Cas D Utilisations/Usager Etudiant/TNR R.TSPT Supp90-Visiteur,Chrome 119.0.0.0,,,2023-12-01 19:56:35,2023-12-01 20:01:02,"4m - 26,666s",FAILED
com.kazurayam.ksbackyard.HighlightElement.pandemic(),Chrome 119.0.0.0,,,2023-12-01 19:56:35,2023-12-01 19:56:35,"0,007s",PASSED
"callTestCase(findTestCase(""Test Reutilisable/Main/Lancer URL ANEF""), [""Profiles"":""Usager"", ""EnvExec"":EnvExec], STOP_ON_FAILURE)",Chrome 119.0.0.0,Appel Brique Réutilisable pour lancer URl ANEF pour Usager ou Agent,,2023-12-01 19:56:35,2023-12-01 19:56:57,"22,279s",PASSED
"callTestCase(findTestCase(""Test Reutilisable/Main/Creer Votre Compte""), [""NumEtrangerVisa"":NumEtrangerVisa, ""DateDebut"":DateDebut, ""DateFin"":DateFin, ""EnvExec"":EnvExec], STOP_ON_FAILURE)",Chrome 119.0.0.0,Appel Brique Réutilisable pour Créer un Compte Usager,,2023-12-01 19:56:57,2023-12-01 19:59:44,"2m - 47,035s",PASSED
if (StopTestCase == false),Chrome 119.0.0.0,,,2023-12-01 19:59:44,2023-12-01 20:00:59,"1m - 14,599s",FAILED
Video,Chrome 119.0.0.0,,,2023-12-01 20:01:02,2023-12-01 20:01:02,"0,001s",PASSED
,,,,,,,
Test Cases/Cas D Utilisations/Usager Etudiant/TNR R.TSPT Supp90-Visiteur,Chrome 119.0.0.0,,,2023-12-01 20:01:02,2023-12-01 20:05:29,"4m - 27,658s",FAILED
com.kazurayam.ksbackyard.HighlightElement.pandemic(),Chrome 119.0.0.0,,,2023-12-01 20:01:02,2023-12-01 20:01:02,"0,006s",PASSED
"callTestCase(findTestCase(""Test Reutilisable/Main/Lancer URL ANEF""), [""Profiles"":""Usager"", ""EnvExec"":EnvExec], STOP_ON_FAILURE)",Chrome 119.0.0.0,Appel Brique Réutilisable pour lancer URl ANEF pour Usager ou Agent,,2023-12-01 20:01:02,2023-12-01 20:01:24,"22,612s",PASSED
"callTestCase(findTestCase(""Test Reutilisable/Main/Creer Votre Compte""), [""NumEtrangerVisa"":NumEtrangerVisa, ""DateDebut"":DateDebut, ""DateFin"":DateFin, ""EnvExec"":EnvExec], STOP_ON_FAILURE)",Chrome 119.0.0.0,Appel Brique Réutilisable pour Créer un Compte Usager,,2023-12-01 20:01:24,2023-12-01 20:04:12,"2m - 47,973s",PASSED
if (StopTestCase == false),Chrome 119.0.0.0,,,2023-12-01 20:04:12,2023-12-01 20:05:27,"1m - 14,388s",FAILED
Video,Chrome 119.0.0.0,,,2023-12-01 20:05:29,2023-12-01 20:05:29,"0,000s",PASSED
,,,,,,,
Test Cases/Cas D Utilisations/Usager Etudiant/TNR R.TSPT Supp90-Visiteur,Chrome 119.0.0.0,,,2023-12-01 20:05:30,2023-12-01 20:09:56,"4m - 26,848s",FAILED
com.kazurayam.ksbackyard.HighlightElement.pandemic(),Chrome 119.0.0.0,,,2023-12-01 20:05:30,2023-12-01 20:05:30,"0,007s",PASSED
"callTestCase(findTestCase(""Test Reutilisable/Main/Lancer URL ANEF""), [""Profiles"":""Usager"", ""EnvExec"":EnvExec], STOP_ON_FAILURE)",Chrome 119.0.0.0,Appel Brique Réutilisable pour lancer URl ANEF pour Usager ou Agent,,2023-12-01 20:05:30,2023-12-01 20:05:52,"22,826s",PASSED
"callTestCase(findTestCase(""Test Reutilisable/Main/Creer Votre Compte""), [""NumEtrangerVisa"":NumEtrangerVisa, ""DateDebut"":DateDebut, ""DateFin"":DateFin, ""EnvExec"":EnvExec], STOP_ON_FAILURE)",Chrome 119.0.0.0,Appel Brique Réutilisable pour Créer un Compte Usager,,2023-12-01 20:05:52,2023-12-01 20:08:39,"2m - 47,066s",PASSED
if (StopTestCase == false),Chrome 119.0.0.0,,,2023-12-01 20:08:39,2023-12-01 20:09:54,"1m - 14,214s",FAILED
Video,Chrome 119.0.0.0,,,2023-12-01 20:09:56,2023-12-01 20:09:56,"0,000s",PASSED
,,,,,,,
Test Cases/Cas D Utilisations/Usager Etudiant/TNR R.TSPT Supp90-Visiteur,Chrome 119.0.0.0,,,2023-12-01 20:09:56,2023-12-01 20:14:24,"4m - 27,196s",FAILED
com.kazurayam.ksbackyard.HighlightElement.pandemic(),Chrome 119.0.0.0,,,2023-12-01 20:09:56,2023-12-01 20:09:57,"0,006s",PASSED
"callTestCase(findTestCase(""Test Reutilisable/Main/Lancer URL ANEF""), [""Profiles"":""Usager"", ""EnvExec"":EnvExec], STOP_ON_FAILURE)",Chrome 119.0.0.0,Appel Brique Réutilisable pour lancer URl ANEF pour Usager ou Agent,,2023-12-01 20:09:57,2023-12-01 20:10:19,"22,139s",PASSED
"callTestCase(findTestCase(""Test Reutilisable/Main/Creer Votre Compte""), [""NumEtrangerVisa"":NumEtrangerVisa, ""DateDebut"":DateDebut, ""DateFin"":DateFin, ""EnvExec"":EnvExec], STOP_ON_FAILURE)",Chrome 119.0.0.0,Appel Brique Réutilisable pour Créer un Compte Usager,,2023-12-01 20:10:19,2023-12-01 20:13:06,"2m - 47,627s",PASSED
if (StopTestCase == false),Chrome 119.0.0.0,,,2023-12-01 20:13:06,2023-12-01 20:14:21,"1m - 14,743s",FAILED
Video,Chrome 119.0.0.0,,,2023-12-01 20:14:24,2023-12-01 20:14:24,"0,000s",PASSED
,,,,,,,
Test Cases/Cas D Utilisations/Usager Etudiant/TNR R.TSPT Supp90-Visiteur,Chrome 119.0.0.0,,,2023-12-01 20:14:24,2023-12-01 20:15:35,"1m - 11,293s",PASSED
com.kazurayam.ksbackyard.HighlightElement.pandemic(),Chrome 119.0.0.0,,,2023-12-01 20:14:24,2023-12-01 20:14:24,"0,007s",PASSED
"callTestCase(findTestCase(""Test Reutilisable/Main/Lancer URL ANEF""), [""Profiles"":""Usager"", ""EnvExec"":EnvExec], STOP_ON_FAILURE)",Chrome 119.0.0.0,Appel Brique Réutilisable pour lancer URl ANEF pour Usager ou Agent,,2023-12-01 20:14:24,2023-12-01 20:14:46,"22,089s",PASSED
"callTestCase(findTestCase(""Test Reutilisable/Main/Creer Votre Compte""), [""NumEtrangerVisa"":NumEtrangerVisa, ""DateDebut"":DateDebut, ""DateFin"":DateFin, ""EnvExec"":EnvExec], STOP_ON_FAILURE)",Chrome 119.0.0.0,Appel Brique Réutilisable pour Créer un Compte Usager,,2023-12-01 20:14:46,2023-12-01 20:15:33,"47,034s",PASSED
if (StopTestCase == false),Chrome 119.0.0.0,,,2023-12-01 20:15:33,2023-12-01 20:15:33,"0,000s",PASSED
Video,Chrome 119.0.0.0,,,2023-12-01 20:15:35,2023-12-01 20:15:35,"0,000s",PASSED
,,,,,,,
Test Cases/Cas D Utilisations/Usager Etudiant/TNR R.TSPT Supp90-Visiteur,Chrome 119.0.0.0,,,2023-12-01 20:15:35,2023-12-01 20:16:02,"27,319s",FAILED
com.kazurayam.ksbackyard.HighlightElement.pandemic(),Chrome 119.0.0.0,,,2023-12-01 20:15:36,2023-12-01 20:15:36,"0,005s",PASSED
"callTestCase(findTestCase(""Test Reutilisable/Main/Lancer URL ANEF""), [""Profiles"":""Usager"", ""EnvExec"":EnvExec], STOP_ON_FAILURE)",Chrome 119.0.0.0,Appel Brique Réutilisable pour lancer URl ANEF pour Usager ou Agent,,2023-12-01 20:15:36,2023-12-01 20:16:00,"24,401s",FAILED
Video,Chrome 119.0.0.0,,,2023-12-01 20:16:02,2023-12-01 20:16:02,"0,000s",PASSED
